<?xml version='1.0'?>
<module>
    <exporttime>2017-03-08 16:30:00</exporttime>
    <name>VTEItems</name>
    <label>VTE Items</label>
    <version>1.0.0</version>
    <dependencies>
        <vtiger_version>6.0.0</vtiger_version>
        <vtiger_max_version>7.*</vtiger_max_version>
    </dependencies>
    <tables>
        <table>
            <name>vtiger_vteitems</name>
            <sql><![CDATA[CREATE TABLE `vtiger_vteitems` (
              `vteitemid` int(19) NOT NULL,
              `related_to` int(19) NOT NULL,
              `productid` int(19) NOT NULL,
              `sequence` int(19) DEFAULT NULL,
              `quantity` decimal(25,3) NOT NULL,
              `listprice` decimal(27,8) DEFAULT NULL,
              `discount_percent` decimal(7,3) DEFAULT NULL,
              `discount_amount` decimal(27,8) DEFAULT NULL,
              `comment` text,
              `tax1` decimal(7,3) DEFAULT NULL,
              `tax2` decimal(7,3) DEFAULT NULL,
              `tax3` decimal(7,3) DEFAULT NULL,
              `image` varchar(2) DEFAULT NULL,
              `purchase_cost` decimal(27,8) DEFAULT NULL,
              `margin` decimal(27,8) DEFAULT NULL,
              `total` decimal(27,8) DEFAULT NULL,
              `net_price` decimal(27,8) DEFAULT NULL,
              `level` tinyint(1) NOT NULL DEFAULT 1,
              `section_value` text DEFAULT NULL,
              `tax_total` decimal(7,3) DEFAULT NULL,
              `running_item_value` text DEFAULT NULL,
			  
              PRIMARY KEY  (`vteitemid`)
            ) ENGINE=InnoDB DEFAULT CHARSET=utf8]]></sql>
        </table>
        <table>
            <name>vtiger_vteitemscf</name>
            <sql><![CDATA[CREATE TABLE `vtiger_vteitemscf` (
                  `vteitemid` int(11) NOT NULL,
                  PRIMARY KEY  (`vteitemid`)
                ) ENGINE=InnoDB DEFAULT CHARSET=utf8]]></sql>
        </table>
		<table>
			<name>vtiger_vteitems</name>
			<sql><![CDATA[ALTER TABLE `vtiger_vteitems` ADD INDEX `related_to_index` (`related_to`) USING BTREE ;]]></sql>
		</table>
		<table>
			<name>vtiger_vteitems</name>
			<sql><![CDATA[ALTER TABLE `vtiger_vteitems` ADD INDEX `productid_index` (`productid`) USING BTREE ;]]></sql>
		</table>
    </tables>
    <blocks>
        <block>
            <label>LBL_ITEM_DETAILS</label>
            <fields>
                <field>
                    <fieldname>related_to</fieldname>
                    <uitype>10</uitype>
                    <columnname>related_to</columnname>
                    <tablename>vtiger_vteitems</tablename>
                    <generatedtype>1</generatedtype>
                    <fieldlabel>Related to</fieldlabel>
                    <readonly>1</readonly>
                    <presence>2</presence>
                    <defaultvalue></defaultvalue>
                    <sequence>1</sequence>
                    <maximumlength>100</maximumlength>
                    <typeofdata>V~M</typeofdata>
                    <quickcreate>1</quickcreate>
                    <quickcreatesequence>1</quickcreatesequence>
                    <displaytype>1</displaytype>
                    <info_type>BAS</info_type>
                    <helpinfo><![CDATA[]]></helpinfo>
                    <masseditable>1</masseditable>
                    <summaryfield>1</summaryfield>
                    <relatedmodules>
                        <relatedmodule>Quotes</relatedmodule>
                        <relatedmodule>PurchaseOrder</relatedmodule>
                        <relatedmodule>SalesOrder</relatedmodule>
                        <relatedmodule>Invoice</relatedmodule>
                    </relatedmodules>
                </field>
                <field>
                    <fieldname>productid</fieldname>
                    <uitype>10</uitype>
                    <columnname>productid</columnname>
                    <tablename>vtiger_vteitems</tablename>
                    <generatedtype>1</generatedtype>
                    <fieldlabel>Item Name</fieldlabel>
                    <readonly>1</readonly>
                    <presence>2</presence>
                    <defaultvalue></defaultvalue>
                    <sequence>2</sequence>
                    <maximumlength>100</maximumlength>
                    <typeofdata>V~M</typeofdata>
                    <quickcreate>1</quickcreate>
                    <quickcreatesequence>2</quickcreatesequence>
                    <displaytype>1</displaytype>
                    <info_type>BAS</info_type>
                    <helpinfo><![CDATA[]]></helpinfo>
                    <masseditable>1</masseditable>
                    <summaryfield>1</summaryfield>
                    <entityidentifier>
                        <entityidfield>productid</entityidfield>
                        <entityidcolumn>vteitemid</entityidcolumn>
                    </entityidentifier>
                    <relatedmodules>
                        <relatedmodule>Products</relatedmodule>
                        <relatedmodule>Services</relatedmodule>
                    </relatedmodules>
                </field>
                <field>
                    <fieldname>quantity</fieldname>
                    <uitype>7</uitype>
                    <columnname>quantity</columnname>
                    <tablename>vtiger_vteitems</tablename>
                    <generatedtype>1</generatedtype>
                    <fieldlabel>Quantity</fieldlabel>
                    <readonly>1</readonly>
                    <presence>2</presence>
                    <defaultvalue>1</defaultvalue>
                    <sequence>3</sequence>
                    <maximumlength>100</maximumlength>
                    <typeofdata>N~M</typeofdata>
                    <quickcreate>1</quickcreate>
                    <quickcreatesequence>3</quickcreatesequence>
                    <displaytype>1</displaytype>
                    <info_type>BAS</info_type>
                    <helpinfo><![CDATA[]]></helpinfo>
                    <masseditable>1</masseditable>
                    <summaryfield>1</summaryfield>
                </field>
                <field>
                    <fieldname>listprice</fieldname>
                    <uitype>7</uitype>
                    <columnname>listprice</columnname>
                    <tablename>vtiger_vteitems</tablename>
                    <generatedtype>1</generatedtype>
                    <fieldlabel>List Price</fieldlabel>
                    <readonly>1</readonly>
                    <presence>2</presence>
                    <defaultvalue></defaultvalue>
                    <sequence>4</sequence>
                    <maximumlength>100</maximumlength>
                    <typeofdata>N~M</typeofdata>
                    <quickcreate>1</quickcreate>
                    <quickcreatesequence>4</quickcreatesequence>
                    <displaytype>1</displaytype>
                    <info_type>BAS</info_type>
                    <helpinfo><![CDATA[]]></helpinfo>
                    <masseditable>1</masseditable>
                    <summaryfield>1</summaryfield>
                </field>
                <field>
                    <fieldname>discount_amount</fieldname>
                    <uitype>7</uitype>
                    <columnname>discount_amount</columnname>
                    <tablename>vtiger_vteitems</tablename>
                    <generatedtype>1</generatedtype>
                    <fieldlabel>Item Discount Amount</fieldlabel>
                    <readonly>1</readonly>
                    <presence>2</presence>
                    <defaultvalue></defaultvalue>
                    <sequence>5</sequence>
                    <maximumlength>100</maximumlength>
                    <typeofdata>N~O</typeofdata>
                    <quickcreate>1</quickcreate>
                    <quickcreatesequence>5</quickcreatesequence>
                    <displaytype>1</displaytype>
                    <info_type>BAS</info_type>
                    <helpinfo><![CDATA[]]></helpinfo>
                    <masseditable>1</masseditable>
                    <summaryfield>0</summaryfield>
                </field>
                <field>
                    <fieldname>discount_percent</fieldname>
                    <uitype>9</uitype>
                    <columnname>discount_percent</columnname>
                    <tablename>vtiger_vteitems</tablename>
                    <generatedtype>1</generatedtype>
                    <fieldlabel>Item Discount Percent</fieldlabel>
                    <readonly>1</readonly>
                    <presence>2</presence>
                    <defaultvalue></defaultvalue>
                    <sequence>6</sequence>
                    <maximumlength>100</maximumlength>
                    <typeofdata>N~O</typeofdata>
                    <quickcreate>1</quickcreate>
                    <quickcreatesequence>6</quickcreatesequence>
                    <displaytype>1</displaytype>
                    <info_type>BAS</info_type>
                    <helpinfo><![CDATA[]]></helpinfo>
                    <masseditable>1</masseditable>
                    <summaryfield>0</summaryfield>
                </field>
                <field>
                    <fieldname>tax1</fieldname>
                    <uitype>9</uitype>
                    <columnname>tax1</columnname>
                    <tablename>vtiger_vteitems</tablename>
                    <generatedtype>1</generatedtype>
                    <fieldlabel>VAT</fieldlabel>
                    <readonly>1</readonly>
                    <presence>2</presence>
                    <defaultvalue></defaultvalue>
                    <sequence>7</sequence>
                    <maximumlength>100</maximumlength>
                    <typeofdata>N~O</typeofdata>
                    <quickcreate>0</quickcreate>
                    <quickcreatesequence></quickcreatesequence>
                    <displaytype>1</displaytype>
                    <info_type>BAS</info_type>
                    <helpinfo><![CDATA[]]></helpinfo>
                    <masseditable>1</masseditable>
                    <summaryfield>0</summaryfield>
                </field>
                <field>
                    <fieldname>tax2</fieldname>
                    <uitype>9</uitype>
                    <columnname>tax2</columnname>
                    <tablename>vtiger_vteitems</tablename>
                    <generatedtype>1</generatedtype>
                    <fieldlabel>Sales</fieldlabel>
                    <readonly>1</readonly>
                    <presence>2</presence>
                    <defaultvalue></defaultvalue>
                    <sequence>8</sequence>
                    <maximumlength>100</maximumlength>
                    <typeofdata>N~O</typeofdata>
                    <quickcreate>0</quickcreate>
                    <quickcreatesequence></quickcreatesequence>
                    <displaytype>1</displaytype>
                    <info_type>BAS</info_type>
                    <helpinfo><![CDATA[]]></helpinfo>
                    <masseditable>1</masseditable>
                    <summaryfield>0</summaryfield>
                </field>
                <field>
                    <fieldname>tax3</fieldname>
                    <uitype>9</uitype>
                    <columnname>tax3</columnname>
                    <tablename>vtiger_vteitems</tablename>
                    <generatedtype>1</generatedtype>
                    <fieldlabel>Service</fieldlabel>
                    <readonly>1</readonly>
                    <presence>2</presence>
                    <defaultvalue></defaultvalue>
                    <sequence>9</sequence>
                    <maximumlength>100</maximumlength>
                    <typeofdata>N~O</typeofdata>
                    <quickcreate>0</quickcreate>
                    <quickcreatesequence></quickcreatesequence>
                    <displaytype>1</displaytype>
                    <info_type>BAS</info_type>
                    <helpinfo><![CDATA[]]></helpinfo>
                    <masseditable>1</masseditable>
                    <summaryfield>0</summaryfield>
                </field>
				<field>
                    <fieldname>tax_total</fieldname>
                    <uitype>9</uitype>
                    <columnname>tax_total</columnname>
                    <tablename>vtiger_vteitems</tablename>
                    <generatedtype>1</generatedtype>
                    <fieldlabel>Tax</fieldlabel>
                    <readonly>1</readonly>
                    <presence>2</presence>
                    <defaultvalue></defaultvalue>
                    <sequence>10</sequence>
                    <maximumlength>100</maximumlength>
                    <typeofdata>N~O</typeofdata>
                    <quickcreate>0</quickcreate>
                    <quickcreatesequence></quickcreatesequence>
                    <displaytype>1</displaytype>
                    <info_type>BAS</info_type>
                    <helpinfo><![CDATA[]]></helpinfo>
                    <masseditable>1</masseditable>
                    <summaryfield>0</summaryfield>
                </field>
                <field>
                    <fieldname>image</fieldname>
                    <uitype>56</uitype>
                    <columnname>image</columnname>
                    <tablename>vtiger_vteitems</tablename>
                    <generatedtype>1</generatedtype>
                    <fieldlabel>Image</fieldlabel>
                    <readonly>1</readonly>
                    <presence>2</presence>
                    <defaultvalue></defaultvalue>
                    <sequence>11</sequence>
                    <maximumlength>100</maximumlength>
                    <typeofdata>V~O</typeofdata>
                    <quickcreate>0</quickcreate>
                    <quickcreatesequence></quickcreatesequence>
                    <displaytype>1</displaytype>
                    <info_type>BAS</info_type>
                    <helpinfo><![CDATA[]]></helpinfo>
                    <masseditable>0</masseditable>
                    <summaryfield>0</summaryfield>
                </field>
                <field>
                    <fieldname>purchase_cost</fieldname>
                    <uitype>7</uitype>
                    <columnname>purchase_cost</columnname>
                    <tablename>vtiger_vteitems</tablename>
                    <generatedtype>1</generatedtype>
                    <fieldlabel>Purchase Cost</fieldlabel>
                    <readonly>1</readonly>
                    <presence>2</presence>
                    <defaultvalue></defaultvalue>
                    <sequence>12</sequence>
                    <maximumlength>100</maximumlength>
                    <typeofdata>N~O</typeofdata>
                    <quickcreate>0</quickcreate>
                    <quickcreatesequence></quickcreatesequence>
                    <displaytype>1</displaytype>
                    <info_type>BAS</info_type>
                    <helpinfo><![CDATA[]]></helpinfo>
                    <masseditable>1</masseditable>
                    <summaryfield>0</summaryfield>
                </field>
                <field>
                    <fieldname>margin</fieldname>
                    <uitype>7</uitype>
                    <columnname>margin</columnname>
                    <tablename>vtiger_vteitems</tablename>
                    <generatedtype>1</generatedtype>
                    <fieldlabel>Margin</fieldlabel>
                    <readonly>1</readonly>
                    <presence>2</presence>
                    <defaultvalue></defaultvalue>
                    <sequence>13</sequence>
                    <maximumlength>100</maximumlength>
                    <typeofdata>N~O</typeofdata>
                    <quickcreate>0</quickcreate>
                    <quickcreatesequence></quickcreatesequence>
                    <displaytype>1</displaytype>
                    <info_type>BAS</info_type>
                    <helpinfo><![CDATA[]]></helpinfo>
                    <masseditable>1</masseditable>
                    <summaryfield>0</summaryfield>
                </field>
                <field>
                    <fieldname>total</fieldname>
                    <uitype>7</uitype>
                    <columnname>total</columnname>
                    <tablename>vtiger_vteitems</tablename>
                    <generatedtype>1</generatedtype>
                    <fieldlabel>Total</fieldlabel>
                    <readonly>1</readonly>
                    <presence>2</presence>
                    <defaultvalue></defaultvalue>
                    <sequence>14</sequence>
                    <maximumlength>100</maximumlength>
                    <typeofdata>N~O</typeofdata>
                    <quickcreate>0</quickcreate>
                    <quickcreatesequence></quickcreatesequence>
                    <displaytype>1</displaytype>
                    <info_type>BAS</info_type>
                    <helpinfo><![CDATA[]]></helpinfo>
                    <masseditable>1</masseditable>
                    <summaryfield>0</summaryfield>
                </field>
                <field>
                    <fieldname>net_price</fieldname>
                    <uitype>7</uitype>
                    <columnname>net_price</columnname>
                    <tablename>vtiger_vteitems</tablename>
                    <generatedtype>1</generatedtype>
                    <fieldlabel>Net Price</fieldlabel>
                    <readonly>1</readonly>
                    <presence>2</presence>
                    <defaultvalue></defaultvalue>
                    <sequence>15</sequence>
                    <maximumlength>100</maximumlength>
                    <typeofdata>N~O</typeofdata>
                    <quickcreate>0</quickcreate>
                    <quickcreatesequence></quickcreatesequence>
                    <displaytype>1</displaytype>
                    <info_type>BAS</info_type>
                    <helpinfo><![CDATA[]]></helpinfo>
                    <masseditable>1</masseditable>
                    <summaryfield>0</summaryfield>
                </field>
                <field>
                    <fieldname>comment</fieldname>
                    <uitype>19</uitype>
                    <columnname>comment</columnname>
                    <tablename>vtiger_vteitems</tablename>
                    <generatedtype>1</generatedtype>
                    <fieldlabel>Item Comment</fieldlabel>
                    <readonly>1</readonly>
                    <presence>2</presence>
                    <defaultvalue></defaultvalue>
                    <sequence>16</sequence>
                    <maximumlength>100</maximumlength>
                    <typeofdata>V~O</typeofdata>
                    <quickcreate>0</quickcreate>
                    <quickcreatesequence></quickcreatesequence>
                    <displaytype>1</displaytype>
                    <info_type>BAS</info_type>
                    <helpinfo><![CDATA[]]></helpinfo>
                    <masseditable>1</masseditable>
                    <summaryfield>0</summaryfield>
                </field>
                <field>
                    <fieldname>createdtime</fieldname>
                    <uitype>70</uitype>
                    <columnname>createdtime</columnname>
                    <tablename>vtiger_crmentity</tablename>
                    <generatedtype>1</generatedtype>
                    <fieldlabel>Created Time</fieldlabel>
                    <readonly>1</readonly>
                    <presence>2</presence>
                    <defaultvalue></defaultvalue>
                    <sequence>7</sequence>
                    <maximumlength>100</maximumlength>
                    <typeofdata>DT~O</typeofdata>
                    <quickcreate>1</quickcreate>
                    <quickcreatesequence></quickcreatesequence>
                    <displaytype>2</displaytype>
                    <info_type>BAS</info_type>
                    <helpinfo><![CDATA[]]></helpinfo>
                    <masseditable>1</masseditable>
                    <summaryfield>1</summaryfield>
                </field>
                <field>
                    <fieldname>modifiedtime</fieldname>
                    <uitype>70</uitype>
                    <columnname>modifiedtime</columnname>
                    <tablename>vtiger_crmentity</tablename>
                    <generatedtype>1</generatedtype>
                    <fieldlabel>Modified Time</fieldlabel>
                    <readonly>1</readonly>
                    <presence>2</presence>
                    <defaultvalue></defaultvalue>
                    <sequence>8</sequence>
                    <maximumlength>100</maximumlength>
                    <typeofdata>DT~O</typeofdata>
                    <quickcreate>1</quickcreate>
                    <quickcreatesequence></quickcreatesequence>
                    <displaytype>2</displaytype>
                    <info_type>BAS</info_type>
                    <helpinfo><![CDATA[]]></helpinfo>
                    <masseditable>1</masseditable>
                    <summaryfield>0</summaryfield>
                </field>
                <field>
                    <fieldname>created_user_id</fieldname>
                    <uitype>52</uitype>
                    <columnname>smcreatorid</columnname>
                    <tablename>vtiger_crmentity</tablename>
                    <generatedtype>1</generatedtype>
                    <fieldlabel>Created By</fieldlabel>
                    <readonly>1</readonly>
                    <presence>2</presence>
                    <defaultvalue></defaultvalue>
                    <sequence>8</sequence>
                    <maximumlength>100</maximumlength>
                    <typeofdata>V~O</typeofdata>
                    <quickcreate>1</quickcreate>
                    <quickcreatesequence></quickcreatesequence>
                    <displaytype>2</displaytype>
                    <info_type>BAS</info_type>
                    <helpinfo><![CDATA[]]></helpinfo>
                    <masseditable>0</masseditable>
                    <summaryfield>0</summaryfield>
                </field>
                <field>
                    <fieldname>modifiedby</fieldname>
                    <uitype>52</uitype>
                    <columnname>modifiedby</columnname>
                    <tablename>vtiger_crmentity</tablename>
                    <generatedtype>1</generatedtype>
                    <fieldlabel>Last Modified By</fieldlabel>
                    <readonly>1</readonly>
                    <presence>0</presence>
                    <defaultvalue></defaultvalue>
                    <sequence>9</sequence>
                    <maximumlength>100</maximumlength>
                    <typeofdata>V~O</typeofdata>
                    <quickcreate>1</quickcreate>
                    <quickcreatesequence></quickcreatesequence>
                    <displaytype>2</displaytype>
                    <info_type>BAS</info_type>
                    <helpinfo><![CDATA[]]></helpinfo>
                    <masseditable>0</masseditable>
                    <summaryfield>0</summaryfield>
                </field>
            </fields>
        </block>
        <block>
            <label>LBL_QUOTES_ITEM_DETAIL</label>
        </block>
        <block>
            <label>LBL_SALESORDER_ITEM_DETAIL</label>
        </block>
        <block>
            <label>LBL_INVOICE_ITEM_DETAIL</label>
        </block>
        <block>
            <label>LBL_PURCHASEORDER_ITEM_DETAIL</label>
        </block>
    </blocks>
    <customviews>
        <customview>
            <viewname>All</viewname>
            <setdefault>true</setdefault>
            <setmetrics>false</setmetrics>
            <fields>
                <field>
                    <fieldname>productid</fieldname>
                    <columnindex>0</columnindex>
                </field>
                <field>
                    <fieldname>related_to</fieldname>
                    <columnindex>1</columnindex>
                </field>
                <field>
                    <fieldname>quantity</fieldname>
                    <columnindex>2</columnindex>
                </field>
                <field>
                    <fieldname>listprice</fieldname>
                    <columnindex>3</columnindex>
                </field>
                <field>
                    <fieldname>discount_amount</fieldname>
                    <columnindex>4</columnindex>
                </field>
                <field>
                    <fieldname>discount_percent</fieldname>
                    <columnindex>5</columnindex>
                </field>
                <field>
                    <fieldname>total</fieldname>
                    <columnindex>6</columnindex>
                </field>
                <field>
                    <fieldname>net_price</fieldname>
                    <columnindex>7</columnindex>
                </field>
            </fields>
        </customview>
    </customviews>
    <sharingaccess>
        <default>public_readwritedelete</default>
    </sharingaccess>
    <actions>
        <action>
            <name><![CDATA[Import]]></name>
            <status>enabled</status>
        </action>
        <action>
            <name><![CDATA[Export]]></name>
            <status>enabled</status>
        </action>
        <action>
            <name><![CDATA[DuplicatesHandling]]></name>
            <status>enabled</status>
        </action>
    </actions>
</module>
