<?xml version='1.0'?>
<module>
	<name>VTESLALog</name>
	<label>SLA Log</label>
	<type>entity</type>
	<version>1.0</version>
	<dependencies>
		<vtiger_version>7.0.0</vtiger_version>
		<vtiger_max_version>7.*</vtiger_max_version>
	</dependencies>
	<license>
		<file>License.txt</file>
	</license>
	<tables>
		<table>
			<name>vte_sla_log</name>
			<sql><![CDATA[CREATE TABLE `vte_sla_log` (
				  `vte_sla_logid` int(19) NOT NULL,
				  `slaid` int(19),
				  `related_to` varchar(255),
				  `status` varchar(100),
				  `policy_name` varchar(255),
				  `sla_action_name` varchar(255),
				  `sla_action_trigger` varchar(255),
				  `sla_action_type` varchar(255),
				  `sla_time_elapsed` varchar(255),
				  `sla_time_remaining` varchar(255),
				  PRIMARY KEY(`vte_sla_logid`),
				  INDEX(`vte_sla_logid`)
				) ENGINE=InnoDB DEFAULT CHARSET=utf8;]]></sql>
		</table>
		<table>
			<name>vte_sla_logcf</name>
			<sql><![CDATA[CREATE TABLE `vte_sla_logcf` (
				  `vte_sla_logid` int(19) NOT NULL,
				  PRIMARY KEY (`vte_sla_logid`)
				) ENGINE=InnoDB DEFAULT CHARSET=utf8;]]></sql>
		</table>
		<table>
			<name>vtiger_vteslalog_user_field</name>
			<sql><![CDATA[CREATE TABLE IF NOT EXISTS `vtiger_vteslalog_user_field` (
                  `recordid` int(25) NOT NULL,
                  `userid` int(25) NOT NULL,
                  `starred` varchar(100) DEFAULT NULL
                ) ENGINE=InnoDB DEFAULT CHARSET=utf8;]]></sql>
		</table>
		<table>
			<name>vte_sla_log</name>
			<sql><![CDATA[ALTER TABLE `vte_sla_log` ADD INDEX `related_to_index` (`related_to`) USING BTREE ;]]></sql>
		</table>
		<table>
			<name>vte_sla_log</name>
			<sql><![CDATA[ALTER TABLE `vte_sla_log`
			CHANGE `related_to` `related_to` VARCHAR CHARACTER SET utf8 COLLATE utf8_general_ci NULL DEFAULT NULL,
			CHANGE `policy_name` `policy_name` VARCHAR CHARACTER SET utf8 COLLATE utf8_general_ci NULL DEFAULT NULL,
			CHANGE `sla_action_name` `sla_action_name` VARCHAR CHARACTER SET utf8 COLLATE utf8_general_ci NULL DEFAULT NULL,
			CHANGE `sla_action_trigger` `sla_action_trigger` VARCHAR CHARACTER SET utf8 COLLATE utf8_general_ci NULL DEFAULT NULL,
			CHANGE `sla_action_type` `sla_action_type` VARCHAR CHARACTER SET utf8 COLLATE utf8_general_ci NULL DEFAULT NULL;]]></sql>
		</table>
		<table>
			<name>vte_sla_log</name>
			<sql><![CDATA[ALTER TABLE `vte_sla_log` MODIFY `related_to` INT(19) ;]]></sql>
		</table>
		<table>
			<name>vte_sla_log</name>
			<sql><![CDATA[ALTER TABLE `vte_sla_log` ADD INDEX `related_to_index` (`related_to`) USING BTREE ;]]></sql>
		</table>
		<table>
			<name>vte_modules</name>
			<sql><![CDATA[CREATE TABLE `vte_modules` (
                `module`  varchar(50) NOT NULL ,
                `valid`  int(1) NULL ,
                PRIMARY KEY (`module`));]]></sql>
		</table>
	</tables>
	<blocks>
		<block>
			<label>LBL_DETAIL_INFORMATION</label>
			<fields>
				<field>
					<fieldname>policy_id</fieldname>
					<uitype>1</uitype>
					<columnname>slaid</columnname>
					<tablename>vte_sla_log</tablename>
					<generatedtype>1</generatedtype>
					<fieldlabel>LBL_POLICY_ID</fieldlabel>
					<readonly>1</readonly>
					<presence>2</presence>
					<defaultvalue></defaultvalue>
					<sequence>0</sequence>
					<maximumlength>100</maximumlength>
					<typeofdata>V~O</typeofdata>
					<displaytype>1</displaytype>
					<info_type>BAS</info_type>
					<helpinfo><![CDATA[]]></helpinfo>
					<masseditable>1</masseditable>
					<summaryfield>0</summaryfield>
				</field>
				<field>
					<fieldname>related_to</fieldname>
					<uitype>10</uitype>
					<columnname>related_to</columnname>
					<tablename>vte_sla_log</tablename>
					<generatedtype>1</generatedtype>
					<fieldlabel>LBL_RELATED_TO</fieldlabel>
					<readonly>1</readonly>
					<presence>2</presence>
					<defaultvalue></defaultvalue>
					<sequence>1</sequence>
					<maximumlength>100</maximumlength>
					<typeofdata>V~O</typeofdata>
					<displaytype>1</displaytype>
					<info_type>BAS</info_type>
					<helpinfo><![CDATA[]]></helpinfo>
					<masseditable>1</masseditable>
					<summaryfield>0</summaryfield>
					<relatedmodules>
						<relatedmodule>Leads</relatedmodule>
						<relatedmodule>Contacts</relatedmodule>
						<relatedmodule>Accounts</relatedmodule>
						<relatedmodule>HelpDesk</relatedmodule>
						<relatedmodule>Potentials</relatedmodule>
						<relatedmodule>Quotes</relatedmodule>
						<relatedmodule>Invoice</relatedmodule>
						<relatedmodule>SalesOrder</relatedmodule>
						<relatedmodule>Calendar</relatedmodule>
						<relatedmodule>Project</relatedmodule>
						<relatedmodule>ProjectTask</relatedmodule>
						<relatedmodule>Events</relatedmodule>
						<relatedmodule>Campaigns</relatedmodule>
						<relatedmodule>ProjectMilestone</relatedmodule>
						<relatedmodule>PurchaseOrder</relatedmodule>
						<relatedmodule>Products</relatedmodule>
						<relatedmodule>Vendors</relatedmodule>
					</relatedmodules>
				</field>
				<field>
					<fieldname>sla_log_status</fieldname>
					<uitype>16</uitype>
					<columnname>sla_log_status</columnname>
					<tablename>vte_sla_log</tablename>
					<generatedtype>1</generatedtype>
					<fieldlabel>LBL_STATUS</fieldlabel>
					<readonly>1</readonly>
					<presence>2</presence>
					<sequence>2</sequence>
					<maximumlength>100</maximumlength>
					<typeofdata>V~O</typeofdata>
					<displaytype>1</displaytype>
					<info_type>BAS</info_type>
					<helpinfo><![CDATA[]]></helpinfo>
					<masseditable>1</masseditable>
					<summaryfield>1</summaryfield>
					<picklistvalues>
						<picklistvalue>Time Left</picklistvalue>
						<picklistvalue>Violated</picklistvalue>
						<picklistvalue>Fulfilled</picklistvalue>
					</picklistvalues>
				</field>
				<field>
					<fieldname>policy_name</fieldname>
					<uitype>1</uitype>
					<columnname>policy_name</columnname>
					<tablename>vte_sla_log</tablename>
					<generatedtype>1</generatedtype>
					<fieldlabel>LBL_POLICY_NAME</fieldlabel>
					<readonly>1</readonly>
					<presence>2</presence>
					<sequence>3</sequence>
					<maximumlength>100</maximumlength>
					<typeofdata>V~O</typeofdata>
					<displaytype>1</displaytype>
					<info_type>BAS</info_type>
					<helpinfo><![CDATA[]]></helpinfo>
					<masseditable>1</masseditable>
					<summaryfield>1</summaryfield>
					<entityidentifier>
						<entityidfield>policy_name</entityidfield>
						<entityidcolumn>vte_sla_logid</entityidcolumn>
					</entityidentifier>
				</field>
				<field>
					<fieldname>sla_action_name</fieldname>
					<uitype>1</uitype>
					<columnname>sla_action_name</columnname>
					<tablename>vte_sla_log</tablename>
					<generatedtype>1</generatedtype>
					<fieldlabel>LBL_ACTION_NAME</fieldlabel>
					<readonly>1</readonly>
					<presence>2</presence>
					<sequence>4</sequence>
					<maximumlength>100</maximumlength>
					<typeofdata>V~O</typeofdata>
					<displaytype>1</displaytype>
					<info_type>BAS</info_type>
					<helpinfo><![CDATA[]]></helpinfo>
					<masseditable>1</masseditable>
					<summaryfield>1</summaryfield>
				</field>
				<field>
					<fieldname>sla_action_trigger</fieldname>
					<uitype>1</uitype>
					<columnname>sla_action_trigger</columnname>
					<tablename>vte_sla_log</tablename>
					<generatedtype>1</generatedtype>
					<fieldlabel>LBL_TRIGGER</fieldlabel>
					<readonly>1</readonly>
					<presence>2</presence>
					<defaultvalue></defaultvalue>
					<sequence>5</sequence>
					<maximumlength>100</maximumlength>
					<typeofdata>V~O</typeofdata>
					<displaytype>1</displaytype>
					<info_type>BAS</info_type>
					<helpinfo><![CDATA[]]></helpinfo>
					<masseditable>1</masseditable>
					<summaryfield>1</summaryfield>
				</field>
				<field>
					<fieldname>sla_action_type</fieldname>
					<uitype>16</uitype>
					<columnname>sla_action_type</columnname>
					<tablename>vte_sla_log</tablename>
					<generatedtype>1</generatedtype>
					<fieldlabel>LBL_TYPE</fieldlabel>
					<readonly>1</readonly>
					<presence>2</presence>
					<sequence>6</sequence>
					<maximumlength>100</maximumlength>
					<typeofdata>V~O</typeofdata>
					<displaytype>1</displaytype>
					<info_type>BAS</info_type>
					<helpinfo><![CDATA[]]></helpinfo>
					<masseditable>1</masseditable>
					<summaryfield>1</summaryfield>
					<picklistvalues>
						<picklistvalue>Email</picklistvalue>
						<picklistvalue>Reassign</picklistvalue>
						<picklistvalue>Workflow</picklistvalue>
					</picklistvalues>
				</field>
				<field>
					<fieldname>sla_time_elapsed</fieldname>
					<uitype>1</uitype>
					<columnname>sla_time_elapsed</columnname>
					<tablename>vte_sla_log</tablename>
					<generatedtype>1</generatedtype>
					<fieldlabel>LBL_TIME_ELAPSED</fieldlabel>
					<readonly>1</readonly>
					<presence>2</presence>
					<sequence>7</sequence>
					<maximumlength>100</maximumlength>
					<typeofdata>V~O</typeofdata>
					<displaytype>1</displaytype>
					<info_type>BAS</info_type>
					<helpinfo><![CDATA[]]></helpinfo>
					<masseditable>1</masseditable>
					<summaryfield>1</summaryfield>
				</field>
				<field>
					<fieldname>sla_time_remaining</fieldname>
					<uitype>1</uitype>
					<columnname>sla_time_remaining</columnname>
					<tablename>vte_sla_log</tablename>
					<generatedtype>1</generatedtype>
					<fieldlabel>LBL_TIME_REMAINING</fieldlabel>
					<readonly>1</readonly>
					<presence>2</presence>
					<sequence>8</sequence>
					<maximumlength>100</maximumlength>
					<typeofdata>V~O</typeofdata>
					<displaytype>1</displaytype>
					<info_type>BAS</info_type>
					<helpinfo><![CDATA[]]></helpinfo>
					<masseditable>1</masseditable>
					<summaryfield>1</summaryfield>
				</field>
				<field>
					<fieldname>assigned_user_id</fieldname>
					<uitype>53</uitype>
					<columnname>smownerid</columnname>
					<tablename>vtiger_crmentity</tablename>
					<generatedtype>1</generatedtype>
					<fieldlabel>Assigned To</fieldlabel>
					<readonly>1</readonly>
					<presence>2</presence>
					<defaultvalue></defaultvalue>
					<sequence>9</sequence>
					<maximumlength>100</maximumlength>
					<typeofdata>V~O</typeofdata>
					<quickcreate>0</quickcreate>
					<quickcreatesequence>4</quickcreatesequence>
					<displaytype>1</displaytype>
					<info_type>BAS</info_type>
					<helpinfo><![CDATA[]]></helpinfo>
					<masseditable>1</masseditable>
					<summaryfield>0</summaryfield>
				</field>
				<field>
					<fieldname>createdtime</fieldname>
					<uitype>70</uitype>
					<columnname>createdtime</columnname>
					<tablename>vtiger_crmentity</tablename>
					<generatedtype>1</generatedtype>
					<fieldlabel>Created Time</fieldlabel>
					<readonly>1</readonly>
					<presence>2</presence>
					<defaultvalue></defaultvalue>
					<sequence>10</sequence>
					<maximumlength>100</maximumlength>
					<typeofdata>T~O</typeofdata>
					<quickcreate>1</quickcreate>
					<quickcreatesequence></quickcreatesequence>
					<displaytype>2</displaytype>
					<info_type>BAS</info_type>
					<helpinfo><![CDATA[]]></helpinfo>
					<masseditable>1</masseditable>
					<summaryfield>1</summaryfield>
				</field>
			</fields>
		</block>
	</blocks>
	<customviews>
		<customview>
			<viewname>All</viewname>
			<setdefault>true</setdefault>
			<setmetrics>false</setmetrics>
			<fields>
				<field>
					<fieldname>sla_log_status</fieldname>
					<columnindex>0</columnindex>
				</field><field>
				<fieldname>policy_name</fieldname>
				<columnindex>1</columnindex>
			</field>
				<field>
					<fieldname>sla_action_name</fieldname>
					<columnindex>2</columnindex>
				</field>
				<field>
					<fieldname>sla_action_trigger</fieldname>
					<columnindex>3</columnindex>
				</field>
				<field>
					<fieldname>sla_action_type</fieldname>
					<columnindex>4</columnindex>
				</field>
				<field>
					<fieldname>sla_time_elapsed</fieldname>
					<columnindex>5</columnindex>
				</field>
				<field>
					<fieldname>sla_time_remaining</fieldname>
					<columnindex>6</columnindex>
				</field>
				<field>
					<fieldname>createdtime</fieldname>
					<columnindex>7</columnindex>
				</field>
			</fields>
		</customview>
	</customviews>
	<sharingaccess>
		<default>private</default>
	</sharingaccess>
	<actions>
		<action>
			<name><![CDATA[Import]]></name>
			<status>enabled</status>
		</action>
		<action>
			<name><![CDATA[Export]]></name>
			<status>enabled</status>
		</action>
		<action>
			<name><![CDATA[Merge]]></name>
			<status>enabled</status>
		</action>
	</actions>
</module>
